INSERT INTO USER (USER_ID, EMAIL, PASSWORD, USER_NAME) VALUES (1, 'agustina.aliaga@gmail.com','admin','admin');
INSERT INTO USER (USER_ID, EMAIL, PASSWORD, USER_NAME) VALUES (2, 'gabriela@gmail.com','gaby','gabygomez');
INSERT INTO USER (USER_ID, EMAIL, PASSWORD, USER_NAME) VALUES (3, 'maria@gmail.com','mari','mariaa');
INSERT INTO USER (USER_ID, EMAIL, PASSWORD, USER_NAME) VALUES (4, 'eduardo@gmail.com','edu','eduliag');
INSERT INTO USER (USER_ID, EMAIL, PASSWORD, USER_NAME) VALUES (5, 'nathan@gmail.com','nathan','nathan');
INSERT INTO USER (USER_ID, EMAIL, PASSWORD, USER_NAME) VALUES (6, 'andres@gmail.com','andres','andres');
INSERT INTO USER (USER_ID, EMAIL, PASSWORD, USER_NAME) VALUES (7, 'jose@gmail.com','jose','jose');
INSERT INTO USER (USER_ID, EMAIL, PASSWORD, USER_NAME) VALUES (8, 'diego@gmail.com','diego','diego');
INSERT INTO USER (USER_ID, EMAIL, PASSWORD, USER_NAME) VALUES (9, 'test1@gmail.com','test1','test1');
INSERT INTO USER (USER_ID, EMAIL, PASSWORD, USER_NAME) VALUES (10, 'test2@gmail.com','test2','test2');
INSERT INTO USER (USER_ID, EMAIL, PASSWORD, USER_NAME) VALUES (11, 'test3@gmail.com','test3','test3');

INSERT INTO MEETUP (MEETUP_ID, MEETUP_CITY, MEETUP_DATE, MEETUP_DESCRIPTION)  VALUES  (1, 'Córdoba', '2020-11-03', 'java and SQL');
INSERT INTO MEETUP (MEETUP_ID, MEETUP_CITY, MEETUP_DATE, MEETUP_DESCRIPTION)  VALUES  (2, 'Córdoba', '2020-11-05', 'react and node');
INSERT INTO MEETUP (MEETUP_ID, MEETUP_CITY, MEETUP_DATE, MEETUP_DESCRIPTION)  VALUES  (3, 'Córdoba', '2020-11-04', 'angular and node');

INSERT INTO USER_MEETUP (USER_MEETUP_ID, ATTENDED, CHECK_IN, MEETUP_ID, USER_ID)  VALUES  (1, false, false, 1, 1) ;
INSERT INTO USER_MEETUP (USER_MEETUP_ID, ATTENDED, CHECK_IN, MEETUP_ID, USER_ID)  VALUES  (2, false, false, 1, 2) ;
INSERT INTO USER_MEETUP (USER_MEETUP_ID, ATTENDED, CHECK_IN, MEETUP_ID, USER_ID)  VALUES  (3, false, false, 1, 3) ;
INSERT INTO USER_MEETUP (USER_MEETUP_ID, ATTENDED, CHECK_IN, MEETUP_ID, USER_ID)  VALUES  (4, false, false, 1, 4) ;
INSERT INTO USER_MEETUP (USER_MEETUP_ID, ATTENDED, CHECK_IN, MEETUP_ID, USER_ID)  VALUES  (5, false, false, 1, 5) ;
INSERT INTO USER_MEETUP (USER_MEETUP_ID, ATTENDED, CHECK_IN, MEETUP_ID, USER_ID)  VALUES  (6, false, false, 1, 6) ;
INSERT INTO USER_MEETUP (USER_MEETUP_ID, ATTENDED, CHECK_IN, MEETUP_ID, USER_ID)  VALUES  (7, false, false, 1, 7) ;
INSERT INTO USER_MEETUP (USER_MEETUP_ID, ATTENDED, CHECK_IN, MEETUP_ID, USER_ID)  VALUES  (8, false, false, 1, 8) ;
INSERT INTO USER_MEETUP (USER_MEETUP_ID, ATTENDED, CHECK_IN, MEETUP_ID, USER_ID)  VALUES  (9, false, false, 1, 9) ;
INSERT INTO USER_MEETUP (USER_MEETUP_ID, ATTENDED, CHECK_IN, MEETUP_ID, USER_ID)  VALUES  (10, false, false, 1, 10) ;
INSERT INTO USER_MEETUP (USER_MEETUP_ID, ATTENDED, CHECK_IN, MEETUP_ID, USER_ID)  VALUES  (11, false, false, 1, 11) ;

INSERT INTO WEATHER (WEATHER_ID, CITY_NAME, DATE, TEMPERATURE, TEMPERATURE_MAX, TEMPERATURE_MIN) VALUES (1, 'CORDOBA', '2020-11-03', 28.5, 30.0, 25.0);

